participant_id	genotype_file	expected_status	rs73885319	rs60910145	rs71785313
108179_G0G0	108179_G0G0_X_X_GSAv3-DTC_GRCh38-12-13-2025.txt	G0/G0	AA	TT	II
108180_G0G0	108180_G0G0_X_X_GSAv3-DTC_GRCh38-12-13-2025.txt	G0/G0	AA	TT	II
108181_G1G0	108181_G1G0_X_X_GSAv3-DTC_GRCh38-12-13-2025.txt	G1/G0	AG	TC	II
108182_G1G0	108182_G1G0_X_X_GSAv3-DTC_GRCh38-12-13-2025.txt	G1/G0	AG	CT	II
108183_G1G1	108183_G1G1_X_X_GSAv3-DTC_GRCh38-12-13-2025.txt	G1/G1	GG	CC	II
108184_G1G1	108184_G1G1_X_X_GSAv3-DTC_GRCh38-12-13-2025.txt	G1/G1	GG	CC	II
108185_G2G0	108185_G2G0_X_X_GSAv3-DTC_GRCh38-12-13-2025.txt	G2/G0	AA	TT	ID
108186_G2G0	108186_G2G0_X_X_GSAv3-DTC_GRCh38-12-13-2025.txt	G2/G0	AA	TT	DI
108187_G2G1	108187_G2G1_X_X_GSAv3-DTC_GRCh38-12-13-2025.txt	G2/G1	AG	TC	ID
108188_G2G1	108188_G2G1_X_X_GSAv3-DTC_GRCh38-12-13-2025.txt	G2/G1	AG	CT	DI
108189_G2G2	108189_G2G2_X_X_GSAv3-DTC_GRCh38-12-13-2025.txt	G2/G2	AA	TT	DD
108190_G2G2	108190_G2G2_X_X_GSAv3-DTC_GRCh38-12-13-2025.txt	G2/G2	AA	TT	DD
