rsid	gene	chromosome	position	ref	alt	clnrevstat	clnsig	clnvc
rs33985472	HBB	11	5225485	T	C	criteria_provided,_multiple_submitters,_no_conflicts	Pathogenic	single_nucleotide_variant
rs63751128	HBB	11	5225487	T	C	criteria_provided,_multiple_submitters,_no_conflicts	Pathogenic	single_nucleotide_variant
rs33978907	HBB	11	5225488	A	G	criteria_provided,_multiple_submitters,_no_conflicts	Pathogenic	single_nucleotide_variant
rs34809925	HBB	11	5225592	G	C	criteria_provided,_multiple_submitters,_no_conflicts	Pathogenic/Likely_pathogenic	single_nucleotide_variant
rs33954264	HBB	11	5225602	T	G	criteria_provided,_single_submitter	Pathogenic	single_nucleotide_variant
rs35117167	HBB	11	5225605	T	C	criteria_provided,_multiple_submitters,_no_conflicts	Pathogenic	single_nucleotide_variant
rs33949869	HBB	11	5225606	A	G	criteria_provided,_single_submitter	Pathogenic	single_nucleotide_variant
rs33949869	HBB	11	5225606	A	T	criteria_provided,_multiple_submitters,_no_conflicts	Pathogenic	single_nucleotide_variant
rs35020585	HBB	11	5225607	C	G	criteria_provided,_single_submitter	Pathogenic	single_nucleotide_variant
rs33918338	HBB	11	5225611	T	C	criteria_provided,_multiple_submitters,_no_conflicts	Pathogenic/Likely_pathogenic	single_nucleotide_variant
rs33918338	HBB	11	5225611	T	G	criteria_provided,_single_submitter	Pathogenic	single_nucleotide_variant
rs33927093	HBB	11	5225620	G	A	criteria_provided,_single_submitter	Pathogenic	single_nucleotide_variant
rs281864530	HBB	11	5225649	A	T	criteria_provided,_single_submitter	Pathogenic	single_nucleotide_variant
rs33910569	HBB	11	5225659	T	G	criteria_provided,_single_submitter	Pathogenic	single_nucleotide_variant
rs33971634	HBB	11	5225660	G	A	criteria_provided,_multiple_submitters,_no_conflicts	Pathogenic	single_nucleotide_variant
rs33925391	HBB	11	5225662	A	C	criteria_provided,_multiple_submitters,_no_conflicts	Pathogenic/Likely_pathogenic	single_nucleotide_variant
rs33946267	HBB	11	5225678	C	A	criteria_provided,_multiple_submitters,_no_conflicts	Pathogenic	single_nucleotide_variant
rs33946267	HBB	11	5225678	C	G	criteria_provided,_multiple_submitters,_no_conflicts	Pathogenic/Likely_pathogenic	single_nucleotide_variant
rs33946267	HBB	11	5225678	C	T	criteria_provided,_multiple_submitters,_no_conflicts	Pathogenic/Likely_pathogenic	single_nucleotide_variant
rs35485099	HBB	11	5225695	G	T	criteria_provided,_multiple_submitters,_no_conflicts	Pathogenic	single_nucleotide_variant
rs34945623	HBB	11	5225696	C	G	criteria_provided,_single_submitter	Pathogenic	single_nucleotide_variant
rs36015961	HBB	11	5225698	A	G	criteria_provided,_multiple_submitters,_no_conflicts	Pathogenic/Likely_pathogenic	single_nucleotide_variant
rs35256489	HBB	11	5225710	A	G	criteria_provided,_multiple_submitters,_no_conflicts	Pathogenic	single_nucleotide_variant
rs33969677	HBB	11	5225714	C	G	criteria_provided,_single_submitter	Pathogenic	single_nucleotide_variant
rs33969677	HBB	11	5225714	C	T	criteria_provided,_multiple_submitters,_no_conflicts	Pathogenic	single_nucleotide_variant
	HBB	11	5225715	G	C	criteria_provided,_multiple_submitters,_no_conflicts	Likely_pathogenic	single_nucleotide_variant
rs35519485	HBB	11	5225719	C	T	criteria_provided,_single_submitter	Likely_pathogenic	single_nucleotide_variant
rs33941844	HBB	11	5225722	A	T	criteria_provided,_single_submitter	Pathogenic	single_nucleotide_variant
rs33952266	HBB	11	5225727	C	A	criteria_provided,_multiple_submitters,_no_conflicts	Likely_pathogenic	single_nucleotide_variant
rs33952266	HBB	11	5225727	C	G	criteria_provided,_single_submitter	Pathogenic	single_nucleotide_variant
rs33952266	HBB	11	5225727	C	T	criteria_provided,_multiple_submitters,_no_conflicts	Pathogenic/Likely_pathogenic	single_nucleotide_variant
rs33914668	HBB	11	5225728	T	C	criteria_provided,_multiple_submitters,_no_conflicts	Pathogenic	single_nucleotide_variant
rs33914668	HBB	11	5225728	T	G	criteria_provided,_multiple_submitters,_no_conflicts	Pathogenic	single_nucleotide_variant
rs33913413	HBB	11	5225729	G	C	criteria_provided,_single_submitter	Likely_pathogenic	single_nucleotide_variant
rs33913413	HBB	11	5225729	G	T	criteria_provided,_multiple_submitters,_no_conflicts	Pathogenic/Likely_pathogenic	single_nucleotide_variant
rs35703285	HBB	11	5225740	A	C	criteria_provided,_multiple_submitters,_no_conflicts	Pathogenic/Likely_pathogenic	single_nucleotide_variant
rs34690599	HBB	11	5225832	G	C	criteria_provided,_multiple_submitters,_no_conflicts	Pathogenic/Likely_pathogenic	single_nucleotide_variant
rs35328027	HBB	11	5225872	A	C	criteria_provided,_multiple_submitters,_no_conflicts	Pathogenic	single_nucleotide_variant
rs34451549	HBB	11	5225923	G	A	criteria_provided,_multiple_submitters,_no_conflicts	Pathogenic	single_nucleotide_variant
rs35099082	HBB	11	5226572	C	G	criteria_provided,_multiple_submitters,_no_conflicts	Pathogenic	single_nucleotide_variant
rs63750283	HBB	11	5226575	A	C	criteria_provided,_multiple_submitters,_no_conflicts	Likely_pathogenic	single_nucleotide_variant
rs33945777	HBB	11	5226576	C	A	criteria_provided,_multiple_submitters,_no_conflicts	Pathogenic	single_nucleotide_variant
rs33945777	HBB	11	5226576	C	G	criteria_provided,_single_submitter	Pathogenic	single_nucleotide_variant
rs33945777	HBB	11	5226576	C	T	criteria_provided,_multiple_submitters,_no_conflicts	Pathogenic	single_nucleotide_variant
rs33954595	HBB	11	5226594	C	A	criteria_provided,_single_submitter	Pathogenic	single_nucleotide_variant
rs33933298	HBB	11	5226597	C	T	criteria_provided,_multiple_submitters,_no_conflicts	Pathogenic	single_nucleotide_variant
rs34515413	HBB	11	5226598	G	C	criteria_provided,_multiple_submitters,_no_conflicts	Pathogenic/Likely_pathogenic	single_nucleotide_variant
	HBB	11	5226598	G	T	criteria_provided,_single_submitter	Pathogenic	single_nucleotide_variant
rs33951978	HBB	11	5226599	T	A	criteria_provided,_single_submitter	Likely_pathogenic	single_nucleotide_variant
	HBB	11	5226602	A	C	criteria_provided,_single_submitter	Pathogenic	single_nucleotide_variant
rs34083951	HBB	11	5226613	G	C	criteria_provided,_single_submitter	Likely_pathogenic	single_nucleotide_variant
rs34083951	HBB	11	5226613	G	T	criteria_provided,_single_submitter	Pathogenic	single_nucleotide_variant
rs33924775	HBB	11	5226615	G	A	criteria_provided,_single_submitter	Pathogenic	single_nucleotide_variant
rs33917785	HBB	11	5226617	A	G	criteria_provided,_single_submitter	Pathogenic	single_nucleotide_variant
rs35002698	HBB	11	5226619	C	G	criteria_provided,_single_submitter	Pathogenic	single_nucleotide_variant
rs33913712	HBB	11	5226621	C	A	criteria_provided,_multiple_submitters,_no_conflicts	Pathogenic	single_nucleotide_variant
rs33940204	HBB	11	5226626	A	G	criteria_provided,_multiple_submitters,_no_conflicts	Pathogenic/Likely_pathogenic	single_nucleotide_variant
rs33993568	HBB	11	5226629	G	A	criteria_provided,_single_submitter	Likely_pathogenic	single_nucleotide_variant
rs35693898	HBB	11	5226635	A	G	criteria_provided,_single_submitter	Pathogenic	single_nucleotide_variant
rs33991993	HBB	11	5226643	C	G	criteria_provided,_single_submitter	Likely_pathogenic	single_nucleotide_variant
rs33987903	HBB	11	5226644	T	A	criteria_provided,_single_submitter	Pathogenic	single_nucleotide_variant
rs33972593	HBB	11	5226686	A	G	criteria_provided,_single_submitter	Likely_pathogenic	single_nucleotide_variant
rs33961459	HBB	11	5226687	G	A	criteria_provided,_multiple_submitters,_no_conflicts	Pathogenic/Likely_pathogenic	single_nucleotide_variant
rs36008922	HBB	11	5226690	C	T	criteria_provided,_multiple_submitters,_no_conflicts	Pathogenic	single_nucleotide_variant
rs35939489	HBB	11	5226692	T	G	criteria_provided,_multiple_submitters,_no_conflicts	Likely_pathogenic	single_nucleotide_variant
rs35353749	HBB	11	5226696	T	A	criteria_provided,_single_submitter	Pathogenic	single_nucleotide_variant
rs33922873	HBB	11	5226702	G	A	criteria_provided,_multiple_submitters,_no_conflicts	Pathogenic	single_nucleotide_variant
rs33922873	HBB	11	5226702	G	T	criteria_provided,_single_submitter	Pathogenic	single_nucleotide_variant
rs33995148	HBB	11	5226708	T	A	criteria_provided,_multiple_submitters,_no_conflicts	Pathogenic	single_nucleotide_variant
	HBB	11	5226732	C	T	criteria_provided,_single_submitter	Likely_pathogenic	single_nucleotide_variant
rs33978338	HBB	11	5226755	A	C	criteria_provided,_single_submitter	Likely_pathogenic	single_nucleotide_variant
rs33922842	HBB	11	5226762	C	A	criteria_provided,_multiple_submitters,_no_conflicts	Pathogenic	single_nucleotide_variant
rs34378160	HBB	11	5226764	A	G	criteria_provided,_multiple_submitters,_no_conflicts	Pathogenic	single_nucleotide_variant
rs11549407	HBB	11	5226774	G	A	criteria_provided,_multiple_submitters,_no_conflicts	Pathogenic	single_nucleotide_variant
rs33974936	HBB	11	5226778	C	T	criteria_provided,_multiple_submitters,_no_conflicts	Pathogenic	single_nucleotide_variant
rs33991059	HBB	11	5226779	C	T	criteria_provided,_multiple_submitters,_no_conflicts	Pathogenic	single_nucleotide_variant
rs33982568	HBB	11	5226784	G	T	criteria_provided,_multiple_submitters,_no_conflicts	Pathogenic	single_nucleotide_variant
rs1141387	HBB	11	5226789	C	A	criteria_provided,_multiple_submitters,_no_conflicts	Likely_pathogenic	single_nucleotide_variant
rs33948578	HBB	11	5226794	A	G	criteria_provided,_single_submitter	Pathogenic	single_nucleotide_variant
rs33948578	HBB	11	5226794	A	T	criteria_provided,_single_submitter	Likely_pathogenic	single_nucleotide_variant
rs33943001	HBB	11	5226800	C	G	criteria_provided,_multiple_submitters,_no_conflicts	Pathogenic	single_nucleotide_variant
rs33943001	HBB	11	5226800	C	T	criteria_provided,_multiple_submitters,_no_conflicts	Pathogenic	single_nucleotide_variant
rs63750513	HBB	11	5226801	T	C	criteria_provided,_multiple_submitters,_no_conflicts	Pathogenic	single_nucleotide_variant
rs63750513	HBB	11	5226801	T	G	criteria_provided,_multiple_submitters,_no_conflicts	Pathogenic	single_nucleotide_variant
rs34527846	HBB	11	5226802	A	C	criteria_provided,_multiple_submitters,_no_conflicts	Pathogenic/Likely_pathogenic	single_nucleotide_variant
rs35456885	HBB	11	5226814	A	C	criteria_provided,_multiple_submitters,_no_conflicts	Pathogenic	single_nucleotide_variant
rs35004220	HBB	11	5226820	C	T	criteria_provided,_multiple_submitters,_no_conflicts	Pathogenic/Likely_pathogenic	single_nucleotide_variant
rs35724775	HBB	11	5226924	A	G	criteria_provided,_multiple_submitters,_no_conflicts	Pathogenic/Likely_pathogenic	single_nucleotide_variant
rs33915217	HBB	11	5226925	C	A	criteria_provided,_multiple_submitters,_no_conflicts	Pathogenic	single_nucleotide_variant
rs33915217	HBB	11	5226925	C	G	criteria_provided,_multiple_submitters,_no_conflicts	Pathogenic	single_nucleotide_variant
rs33915217	HBB	11	5226925	C	T	criteria_provided,_multiple_submitters,_no_conflicts	Pathogenic	single_nucleotide_variant
rs33956879	HBB	11	5226928	A	C	criteria_provided,_multiple_submitters,_no_conflicts	Pathogenic	single_nucleotide_variant
rs33956879	HBB	11	5226928	A	G	criteria_provided,_multiple_submitters,_no_conflicts	Pathogenic	single_nucleotide_variant
rs33956879	HBB	11	5226928	A	T	criteria_provided,_multiple_submitters,_no_conflicts	Pathogenic	single_nucleotide_variant
rs33971440	HBB	11	5226929	C	A	criteria_provided,_multiple_submitters,_no_conflicts	Pathogenic	single_nucleotide_variant
rs33971440	HBB	11	5226929	C	T	criteria_provided,_multiple_submitters,_no_conflicts	Pathogenic	single_nucleotide_variant
	HBB	11	5226930	C	A	criteria_provided,_single_submitter	Likely_pathogenic	single_nucleotide_variant
rs33960103	HBB	11	5226930	C	G	criteria_provided,_multiple_submitters,_no_conflicts	Pathogenic	single_nucleotide_variant
rs33960103	HBB	11	5226930	C	T	criteria_provided,_multiple_submitters,_no_conflicts	Pathogenic/Likely_pathogenic	single_nucleotide_variant
rs35684407	HBB	11	5226931	T	C	criteria_provided,_single_submitter	Pathogenic	single_nucleotide_variant
rs35684407	HBB	11	5226931	T	G	criteria_provided,_multiple_submitters,_no_conflicts	Likely_pathogenic	single_nucleotide_variant
rs35685286	HBB	11	5226933	C	T	criteria_provided,_single_submitter	Likely_pathogenic	single_nucleotide_variant
rs33916412	HBB	11	5226936	A	G	criteria_provided,_single_submitter	Pathogenic	single_nucleotide_variant
rs33954632	HBB	11	5226939	G	T	criteria_provided,_single_submitter	Pathogenic	single_nucleotide_variant
rs35424040	HBB	11	5226940	C	A	criteria_provided,_multiple_submitters,_no_conflicts	Pathogenic	single_nucleotide_variant
rs33950507	HBB	11	5226943	C	A	criteria_provided,_multiple_submitters,_no_conflicts	Pathogenic	single_nucleotide_variant
rs33950507	HBB	11	5226943	C	T	criteria_provided,_multiple_submitters,_no_conflicts	Pathogenic	single_nucleotide_variant
rs33951465	HBB	11	5226947	A	T	criteria_provided,_multiple_submitters,_no_conflicts	Pathogenic/Likely_pathogenic	single_nucleotide_variant
rs33959855	HBB	11	5226955	C	A	criteria_provided,_multiple_submitters,_no_conflicts	Pathogenic	single_nucleotide_variant
rs35890959	HBB	11	5226961	C	T	criteria_provided,_multiple_submitters,_no_conflicts	Pathogenic/Likely_pathogenic	single_nucleotide_variant
rs33972047	HBB	11	5226963	T	C	criteria_provided,_multiple_submitters,_no_conflicts	Pathogenic	single_nucleotide_variant
rs33986703	HBB	11	5226970	T	A	criteria_provided,_multiple_submitters,_no_conflicts	Pathogenic	single_nucleotide_variant
rs370075492	HBB	11	5226971	G	A	criteria_provided,_multiple_submitters,_no_conflicts	Pathogenic/Likely_pathogenic	single_nucleotide_variant
rs34716011	HBB	11	5226974	C	T	criteria_provided,_multiple_submitters,_no_conflicts	Pathogenic	single_nucleotide_variant
rs63750783	HBB	11	5226975	C	T	criteria_provided,_multiple_submitters,_no_conflicts	Pathogenic	single_nucleotide_variant
rs33926764	HBB	11	5226997	T	C	criteria_provided,_single_submitter	Pathogenic	single_nucleotide_variant
rs34948328	HBB	11	5227000	C	A	criteria_provided,_single_submitter	Pathogenic	single_nucleotide_variant
rs334	HBB	11	5227002	T	A	criteria_provided,_multiple_submitters,_no_conflicts	Pathogenic	single_nucleotide_variant
rs33930165	HBB	11	5227003	C	T	criteria_provided,_multiple_submitters,_no_conflicts	Pathogenic/Likely_pathogenic	single_nucleotide_variant
rs33930702	HBB	11	5227019	C	A	criteria_provided,_single_submitter	Likely_pathogenic	single_nucleotide_variant
rs33930702	HBB	11	5227019	C	T	criteria_provided,_multiple_submitters,_no_conflicts	Pathogenic	single_nucleotide_variant
rs33941849	HBB	11	5227020	A	C	criteria_provided,_multiple_submitters,_no_conflicts	Pathogenic	single_nucleotide_variant
rs33941849	HBB	11	5227020	A	G	criteria_provided,_multiple_submitters,_no_conflicts	Pathogenic	single_nucleotide_variant
rs33941849	HBB	11	5227020	A	T	criteria_provided,_multiple_submitters,_no_conflicts	Pathogenic/Likely_pathogenic	single_nucleotide_variant
rs34563000	HBB	11	5227021	T	C	criteria_provided,_multiple_submitters,_no_conflicts	Pathogenic	single_nucleotide_variant
rs34563000	HBB	11	5227021	T	G	criteria_provided,_multiple_submitters,_no_conflicts	Pathogenic/Likely_pathogenic	single_nucleotide_variant
rs34135787	HBB	11	5227039	G	C	criteria_provided,_multiple_submitters,_no_conflicts	Pathogenic	single_nucleotide_variant
rs34704828	HBB	11	5227050	C	T	criteria_provided,_multiple_submitters,_no_conflicts	Pathogenic	single_nucleotide_variant
rs34305195	HBB	11	5227071	T	G	criteria_provided,_multiple_submitters,_no_conflicts	Pathogenic/Likely_pathogenic	single_nucleotide_variant
rs33931746	HBB	11	5227099	T	C	criteria_provided,_multiple_submitters,_no_conflicts	Pathogenic/Likely_pathogenic	single_nucleotide_variant
rs33931746	HBB	11	5227099	T	G	criteria_provided,_multiple_submitters,_no_conflicts	Pathogenic	single_nucleotide_variant
rs34598529	HBB	11	5227100	T	C	criteria_provided,_multiple_submitters,_no_conflicts	Pathogenic	single_nucleotide_variant
rs34598529	HBB	11	5227100	T	G	criteria_provided,_single_submitter	Pathogenic	single_nucleotide_variant
rs33980857	HBB	11	5227101	A	G	criteria_provided,_multiple_submitters,_no_conflicts	Pathogenic	single_nucleotide_variant
rs33980857	HBB	11	5227101	A	T	criteria_provided,_multiple_submitters,_no_conflicts	Pathogenic	single_nucleotide_variant
rs33981098	HBB	11	5227102	T	C	criteria_provided,_multiple_submitters,_no_conflicts	Pathogenic	single_nucleotide_variant
rs281864518	HBB	11	5227142	G	A	criteria_provided,_multiple_submitters,_no_conflicts	Pathogenic/Likely_pathogenic	single_nucleotide_variant
rs33994806	HBB	11	5227157	G	A	criteria_provided,_multiple_submitters,_no_conflicts	Pathogenic/Likely_pathogenic	single_nucleotide_variant
rs33994806	HBB	11	5227157	G	C	criteria_provided,_multiple_submitters,_no_conflicts	Pathogenic/Likely_pathogenic	single_nucleotide_variant
rs33994806	HBB	11	5227157	G	T	criteria_provided,_single_submitter	Likely_pathogenic	single_nucleotide_variant
rs33941377	HBB	11	5227158	G	A	criteria_provided,_multiple_submitters,_no_conflicts	Pathogenic/Likely_pathogenic	single_nucleotide_variant
rs33941377	HBB	11	5227158	G	C	criteria_provided,_multiple_submitters,_no_conflicts	Pathogenic/Likely_pathogenic	single_nucleotide_variant
rs33941377	HBB	11	5227158	G	T	criteria_provided,_multiple_submitters,_no_conflicts	Pathogenic	single_nucleotide_variant
rs33944208	HBB	11	5227159	G	A	criteria_provided,_multiple_submitters,_no_conflicts	Pathogenic/Likely_pathogenic	single_nucleotide_variant
rs33944208	HBB	11	5227159	G	T	criteria_provided,_multiple_submitters,_no_conflicts	Pathogenic/Likely_pathogenic	single_nucleotide_variant
rs34999973	HBB	11	5227161	G	A	criteria_provided,_multiple_submitters,_no_conflicts	Pathogenic/Likely_pathogenic	single_nucleotide_variant
rs34883338	HBB	11	5227163	G	A	criteria_provided,_multiple_submitters,_no_conflicts	Pathogenic/Likely_pathogenic	single_nucleotide_variant
rs63751208	HBB	11	5227172	G	A	criteria_provided,_multiple_submitters,_no_conflicts	Pathogenic	single_nucleotide_variant
rs63751208	HBB	11	5227172	G	C	criteria_provided,_single_submitter	Pathogenic	single_nucleotide_variant
rs41469945	HBA1	16	173581	T	C	criteria_provided,_single_submitter	Pathogenic	single_nucleotide_variant
rs41464951	HBA1	16	173598	T	C	criteria_provided,_multiple_submitters,_no_conflicts	Pathogenic/Likely_pathogenic	single_nucleotide_variant
rs34220980	HBA1	16	176717	A	G	criteria_provided,_multiple_submitters,_no_conflicts	Pathogenic	single_nucleotide_variant
rs1316527998	HBA1	16	176718	T	A	criteria_provided,_single_submitter	Likely_pathogenic	single_nucleotide_variant
	HBA1	16	176718	T	C	criteria_provided,_multiple_submitters,_no_conflicts	Pathogenic/Likely_pathogenic	single_nucleotide_variant
rs1316527998	HBA1	16	176718	T	G	criteria_provided,_single_submitter	Pathogenic	single_nucleotide_variant
rs33964317	HBA1	16	176759	T	C	criteria_provided,_multiple_submitters,_no_conflicts	Pathogenic/Likely_pathogenic	single_nucleotide_variant
rs63750090	HBA1	16	176760	G	A	criteria_provided,_multiple_submitters,_no_conflicts	Pathogenic/Likely_pathogenic	single_nucleotide_variant
rs1596573335	HBA1	16	176761	G	A	criteria_provided,_multiple_submitters,_no_conflicts	Pathogenic/Likely_pathogenic	single_nucleotide_variant
	HBA1	16	176811	G	A	criteria_provided,_single_submitter	Likely_pathogenic	single_nucleotide_variant
rs1201093320	HBA1	16	176812	G	A	criteria_provided,_multiple_submitters,_no_conflicts	Pathogenic	single_nucleotide_variant
	HBA1	16	176813	T	C	criteria_provided,_multiple_submitters,_no_conflicts	Likely_pathogenic	single_nucleotide_variant
rs1298836193	HBA1	16	176927	A	G	criteria_provided,_single_submitter	Pathogenic	single_nucleotide_variant
rs34883113	HBA1	16	176928	G	A	criteria_provided,_multiple_submitters,_no_conflicts	Pathogenic	single_nucleotide_variant
rs1455943416	HBA1	16	176932	G	A	criteria_provided,_multiple_submitters,_no_conflicts	Likely_pathogenic	single_nucleotide_variant
rs33978134	HBA1	16	176967	C	T	criteria_provided,_single_submitter	Likely_pathogenic	single_nucleotide_variant
rs281864895	HBA1	16	177011	G	C	criteria_provided,_multiple_submitters,_no_conflicts	Pathogenic	single_nucleotide_variant
rs28928878	HBA1	16	177012	G	A	criteria_provided,_multiple_submitters,_no_conflicts	Pathogenic	single_nucleotide_variant
	HBA1	16	177017	A	T	criteria_provided,_single_submitter	Likely_pathogenic	single_nucleotide_variant
rs28928876	HBA1	16	177095	C	T	criteria_provided,_multiple_submitters,_no_conflicts	Pathogenic	single_nucleotide_variant
rs1318210119	HBA1	16	177097	C	G	criteria_provided,_single_submitter	Likely_pathogenic	single_nucleotide_variant
rs758093235	HBA1	16	177134	G	A	criteria_provided,_multiple_submitters,_no_conflicts	Likely_pathogenic	single_nucleotide_variant
rs758093235	HBA1	16	177134	G	T	criteria_provided,_single_submitter	Pathogenic	single_nucleotide_variant
rs756810015	HBA1	16	177308	C	A	criteria_provided,_single_submitter	Likely_pathogenic	single_nucleotide_variant
	HBA1	16	177311	T	C	criteria_provided,_single_submitter	Likely_pathogenic	single_nucleotide_variant
rs63749948	HBA1	16	177314	C	A	criteria_provided,_multiple_submitters,_no_conflicts	Likely_pathogenic	single_nucleotide_variant
rs63750751	HBA1	16	177340	C	T	criteria_provided,_multiple_submitters,_no_conflicts	Pathogenic	single_nucleotide_variant
rs35993655	HBA1	16	177371	T	C	criteria_provided,_multiple_submitters,_no_conflicts	Likely_pathogenic	single_nucleotide_variant
rs121909803	HBA2	16	172913	A	G	criteria_provided,_multiple_submitters,_no_conflicts	Pathogenic	single_nucleotide_variant
rs111033603	HBA2	16	172914	T	C	criteria_provided,_multiple_submitters,_no_conflicts	Pathogenic	single_nucleotide_variant
rs111033603	HBA2	16	172914	T	G	criteria_provided,_single_submitter	Likely_pathogenic	single_nucleotide_variant
rs63750367	HBA2	16	172957	G	A	criteria_provided,_single_submitter	Pathogenic	single_nucleotide_variant
rs63751457	HBA2	16	172981	C	T	criteria_provided,_multiple_submitters,_no_conflicts	Likely_pathogenic	single_nucleotide_variant
rs281864819	HBA2	16	172982	G	T	criteria_provided,_single_submitter	Likely_pathogenic	single_nucleotide_variant
rs281864821	HBA2	16	172985	T	G	criteria_provided,_single_submitter	Likely_pathogenic	single_nucleotide_variant
rs281864550	HBA2	16	172987	T	G	criteria_provided,_multiple_submitters,_no_conflicts	Pathogenic/Likely_pathogenic	single_nucleotide_variant
rs41341344	HBA2	16	173001	T	C	criteria_provided,_multiple_submitters,_no_conflicts	Pathogenic	single_nucleotide_variant
rs63750158	HBA2	16	173008	G	A	criteria_provided,_multiple_submitters,_no_conflicts	Pathogenic	single_nucleotide_variant
rs63750158	HBA2	16	173008	G	C	criteria_provided,_single_submitter	Pathogenic	single_nucleotide_variant
rs41457746	HBA2	16	173123	A	G	criteria_provided,_multiple_submitters,_no_conflicts	Pathogenic	single_nucleotide_variant
	HBA2	16	173127	T	C	criteria_provided,_single_submitter	Likely_pathogenic	single_nucleotide_variant
rs41515552	HBA2	16	173128	G	A	criteria_provided,_multiple_submitters,_no_conflicts	Pathogenic	single_nucleotide_variant
rs63750776	HBA2	16	173135	T	C	criteria_provided,_single_submitter	Likely_pathogenic	single_nucleotide_variant
rs281864829	HBA2	16	173159	T	G	criteria_provided,_multiple_submitters,_no_conflicts	Pathogenic	single_nucleotide_variant
rs281864834	HBA2	16	173171	G	C	criteria_provided,_multiple_submitters,_no_conflicts	Pathogenic/Likely_pathogenic	single_nucleotide_variant
rs281864840	HBA2	16	173192	C	T	criteria_provided,_multiple_submitters,_no_conflicts	Pathogenic/Likely_pathogenic	single_nucleotide_variant
rs41328049	HBA2	16	173207	G	C	criteria_provided,_multiple_submitters,_no_conflicts	Likely_pathogenic	single_nucleotide_variant
rs281864846	HBA2	16	173208	G	A	criteria_provided,_multiple_submitters,_no_conflicts	Pathogenic	single_nucleotide_variant
rs41323248	HBA2	16	173229	T	C	criteria_provided,_multiple_submitters,_no_conflicts	Pathogenic/Likely_pathogenic	single_nucleotide_variant
	HBA2	16	173271	T	C	criteria_provided,_single_submitter	Likely_pathogenic	single_nucleotide_variant
rs281864863	HBA2	16	173271	T	G	criteria_provided,_single_submitter	Likely_pathogenic	single_nucleotide_variant
	HBA2	16	173304	T	C	criteria_provided,_single_submitter	Pathogenic	single_nucleotide_variant
rs281864878	HBA2	16	173312	G	A	criteria_provided,_single_submitter	Pathogenic	single_nucleotide_variant
rs281864878	HBA2	16	173312	G	T	criteria_provided,_single_submitter	Likely_pathogenic	single_nucleotide_variant
rs780091398	HBA2	16	173330	G	A	criteria_provided,_single_submitter	Likely_pathogenic	single_nucleotide_variant
rs587776827	HBA2	16	173471	G	A	criteria_provided,_single_submitter	Likely_pathogenic	single_nucleotide_variant
rs1263969213	HBA2	16	173484	T	C	criteria_provided,_multiple_submitters,_no_conflicts	Pathogenic/Likely_pathogenic	single_nucleotide_variant
rs41417548	HBA2	16	173485	G	A	criteria_provided,_multiple_submitters,_no_conflicts	Pathogenic/Likely_pathogenic	single_nucleotide_variant
rs1262943621	HBA2	16	173529	C	T	criteria_provided,_multiple_submitters,_no_conflicts	Pathogenic/Likely_pathogenic	single_nucleotide_variant
	HBA2	16	173544	T	C	criteria_provided,_single_submitter	Pathogenic	single_nucleotide_variant
rs41397847	HBA2	16	173548	T	C	criteria_provided,_multiple_submitters,_no_conflicts	Pathogenic	single_nucleotide_variant
rs41397847	HBA2	16	173548	T	G	criteria_provided,_multiple_submitters,_no_conflicts	Pathogenic/Likely_pathogenic	single_nucleotide_variant
rs33933481	HBA2	16	173550	G	T	criteria_provided,_single_submitter	Pathogenic	single_nucleotide_variant
rs281864889	HBA2	16	173560	T	C	criteria_provided,_single_submitter	Pathogenic	single_nucleotide_variant
rs41469945	HBA1	16	173581	T	C	criteria_provided,_single_submitter	Pathogenic	single_nucleotide_variant
rs55870409	HBA2	16	173592	T	C	criteria_provided,_single_submitter	Likely_pathogenic	single_nucleotide_variant
rs41464951	HBA2	16	173598	T	A	criteria_provided,_multiple_submitters,_no_conflicts	Pathogenic	single_nucleotide_variant
rs41464951	HBA1	16	173598	T	C	criteria_provided,_multiple_submitters,_no_conflicts	Pathogenic/Likely_pathogenic	single_nucleotide_variant
rs41464951	HBA2	16	173598	T	G	criteria_provided,_multiple_submitters,_no_conflicts	Pathogenic/Likely_pathogenic	single_nucleotide_variant
rs41321345	HBA2	16	173599	A	C	criteria_provided,_multiple_submitters,_no_conflicts	Pathogenic/Likely_pathogenic	single_nucleotide_variant
	HBA2	16	173599	A	T	criteria_provided,_single_submitter	Pathogenic	single_nucleotide_variant
rs41412046	HBA2	16	173600	A	T	criteria_provided,_multiple_submitters,_no_conflicts	Pathogenic	single_nucleotide_variant
rs63750067	HBA2	16	173692	A	G	criteria_provided,_multiple_submitters,_no_conflicts	Pathogenic/Likely_pathogenic	single_nucleotide_variant
rs63751269	HBA2	16	173694	A	G	criteria_provided,_multiple_submitters,_no_conflicts	Pathogenic	single_nucleotide_variant
rs35849348	HBD	11	5232998	C	T	criteria_provided,_single_submitter	Pathogenic	single_nucleotide_variant
rs36023765	HBD	11	5233094	T	C	criteria_provided,_single_submitter	Pathogenic	single_nucleotide_variant
rs35103459	HBG2	11	5254330	G	A	criteria_provided,_single_submitter	Pathogenic	single_nucleotide_variant
rs34474104	HBG2	11	5254417	G	A	criteria_provided,_multiple_submitters,_no_conflicts	Likely_pathogenic	single_nucleotide_variant
rs1438114920	HBG2	11	5254643	A	T	criteria_provided,_single_submitter	Likely_pathogenic	single_nucleotide_variant
rs1278163109	HBG2	11	5254644	G	T	criteria_provided,_single_submitter	Pathogenic	single_nucleotide_variant
